"zip","population","city","county"
"77494",130920,"Katy","Fort Bend County"
"77449",122098,"Katy","Harris County"
"78660",113386,"Pflugerville","Travis County"
"77084",108557,"Houston","Harris County"
"77433",107887,"Cypress","Harris County"
"79936",107512,"El Paso","El Paso County"
"77573",95704,"League City","Galveston County"
"79938",95452,"El Paso","El Paso County"
"75052",94636,"Grand Prairie","Dallas County"
"78245",92770,"San Antonio","Bexar County"
"77479",91618,"Sugar Land","Fort Bend County"
"78130",91275,"New Braunfels","Guadalupe County"
"77429",90790,"Cypress","Harris County"
"77584",90364,"Pearland","Brazoria County"
"78613",88189,"Cedar Park","Williamson County"
"75217",87154,"Dallas","Dallas County"
"78641",87106,"Leander","Travis County"
"78521",87040,"Brownsville","Cameron County"
"78666",86530,"San Marcos","Hays County"
"75035",83930,"Frisco","Collin County"
"78542",83925,"Edinburg","Hidalgo County"
"77379",83247,"Spring","Harris County"
"76063",80101,"Mansfield","Tarrant County"
"77459",79937,"Missouri City","Fort Bend County"
"78577",79496,"Pharr","Hidalgo County"
"79928",79330,"El Paso","El Paso County"
"78254",76945,"San Antonio","Bexar County"
"79912",76890,"El Paso","El Paso County"
"78572",76753,"Mission","Hidalgo County"
"77407",76600,"Richmond","Fort Bend County"
"76028",76343,"Burleson","Johnson County"
"76244",75185,"Keller","Tarrant County"
"77083",75004,"Houston","Harris County"
"76179",74074,"Fort Worth","Tarrant County"
"77845",73969,"College Station","Brazos County"
"75211",73948,"Dallas","Dallas County"
"75002",72679,"Allen","Collin County"
"77450",72651,"Katy","Harris County"
"77036",72278,"Houston","Harris County"
"77346",70704,"Humble","Harris County"
"77095",69644,"Houston","Harris County"
"78046",69422,"Laredo","Webb County"
"75228",68472,"Dallas","Dallas County"
"78640",68265,"Kyle","Hays County"
"75068",68074,"Little Elm","Denton County"
"77375",67965,"Tomball","Harris County"
"75126",67852,"Forney","Kaufman County"
"78045",67686,"Laredo","Webb County"
"75067",67117,"Lewisville","Denton County"
"77386",66816,"Spring","Montgomery County"
"75071",66298,"Mckinney","Collin County"
"77521",66215,"Baytown","Harris County"
"75056",65785,"The Colony","Denton County"
"75098",65655,"Wylie","Collin County"
"77373",64828,"Spring","Harris County"
"75043",64296,"Garland","Dallas County"
"75150",63895,"Mesquite","Dallas County"
"78253",63735,"San Antonio","Bexar County"
"77406",63187,"Richmond","Fort Bend County"
"78574",63165,"Mission","Hidalgo County"
"75040",63143,"Garland","Dallas County"
"75243",63047,"Dallas","Dallas County"
"77077",62933,"Houston","Harris County"
"78520",62344,"Brownsville","Cameron County"
"78664",62168,"Round Rock","Williamson County"
"78251",62064,"San Antonio","Bexar County"
"77072",61688,"Houston","Harris County"
"78665",61640,"Round Rock","Williamson County"
"78745",61322,"Austin","Travis County"
"78504",60999,"Mcallen","Hidalgo County"
"77469",60971,"Richmond","Fort Bend County"
"78249",60769,"San Antonio","Bexar County"
"79924",60667,"El Paso","El Paso County"
"77396",60253,"Humble","Harris County"
"78501",59954,"Mcallen","Hidalgo County"
"78753",59951,"Austin","Travis County"
"78526",59547,"Brownsville","Cameron County"
"78250",59434,"San Antonio","Bexar County"
"75149",59371,"Mesquite","Dallas County"
"77015",59314,"Houston","Harris County"
"76137",58970,"Fort Worth","Tarrant County"
"77070",58409,"Houston","Harris County"
"75227",58315,"Dallas","Dallas County"
"78681",57760,"Round Rock","Williamson County"
"78240",57532,"San Antonio","Bexar County"
"75070",57516,"Mckinney","Collin County"
"76010",57197,"Arlington","Tarrant County"
"78228",57172,"San Antonio","Bexar County"
"77089",56988,"Houston","Harris County"
"78852",56745,"Eagle Pass","Maverick County"
"75061",56319,"Irving","Dallas County"
"75115",56012,"Desoto","Dallas County"
"76549",55730,"Killeen","Bell County"
"77493",55317,"Katy","Harris County"
"75072",55304,"Mckinney","Collin County"
"75216",55085,"Dallas","Dallas County"
"78223",55063,"San Antonio","Bexar County"
"75007",54498,"Carrollton","Denton County"
"78550",54441,"Harlingen","Cameron County"
"77498",54402,"Sugar Land","Fort Bend County"
"77044",54313,"Houston","Harris County"
"76133",54241,"Fort Worth","Tarrant County"
"75025",54201,"Plano","Collin County"
"77088",54007,"Houston","Harris County"
"77840",53891,"College Station","Brazos County"
"77546",53830,"Friendswood","Galveston County"
"78748",53550,"Austin","Travis County"
"77082",53401,"Houston","Harris County"
"75062",52772,"Irving","Dallas County"
"78109",52507,"Converse","Bexar County"
"77081",52360,"Houston","Harris County"
"78155",52295,"Seguin","Guadalupe County"
"75287",52240,"Dallas","Collin County"
"75080",52184,"Richardson","Dallas County"
"77388",52127,"Spring","Harris County"
"76542",52059,"Killeen","Bell County"
"75074",51443,"Plano","Collin County"
"76119",51401,"Fort Worth","Tarrant County"
"78207",51381,"San Antonio","Bexar County"
"78758",51185,"Austin","Travis County"
"78537",51034,"Donna","Hidalgo County"
"77511",50799,"Alvin","Brazoria County"
"76131",50572,"Fort Worth","Tarrant County"
"77581",50554,"Pearland","Brazoria County"
"79424",50448,"Lubbock","Lubbock County"
"76051",50303,"Grapevine","Tarrant County"
"78704",50250,"Austin","Travis County"
"78247",49888,"San Antonio","Bexar County"
"77040",49762,"Houston","Harris County"
"77099",49541,"Houston","Harris County"
"78586",49504,"San Benito","Cameron County"
"78744",49452,"Austin","Travis County"
"75023",49376,"Plano","Collin County"
"75104",49291,"Cedar Hill","Dallas County"
"77064",49240,"Houston","Harris County"
"76116",49232,"Fort Worth","Tarrant County"
"79907",49169,"El Paso","El Paso County"
"76227",49155,"Aubrey","Denton County"
"75060",48997,"Irving","Dallas County"
"75165",48970,"Waxahachie","Ellis County"
"78414",48891,"Corpus Christi","Nueces County"
"75034",48749,"Frisco","Collin County"
"78541",48558,"Edinburg","Hidalgo County"
"75154",48510,"Red Oak","Ellis County"
"76502",48508,"Temple","Bell County"
"78258",48344,"San Antonio","Bexar County"
"77093",48215,"Houston","Harris County"
"75006",48062,"Carrollton","Dallas County"
"77338",47997,"Humble","Harris County"
"75028",47751,"Flower Mound","Denton County"
"77080",47661,"Houston","Harris County"
"78041",47594,"Laredo","Webb County"
"75033",47416,"Frisco","Denton County"
"77539",47240,"Dickinson","Galveston County"
"78233",47172,"San Antonio","Bexar County"
"75093",47069,"Plano","Collin County"
"78840",47030,"Del Rio","Val Verde County"
"75044",47010,"Garland","Dallas County"
"75013",46649,"Allen","Collin County"
"78108",46463,"Cibolo","Guadalupe County"
"76017",46361,"Arlington","Tarrant County"
"77060",46266,"Houston","Harris County"
"78741",45780,"Austin","Travis County"
"78227",45553,"San Antonio","Bexar County"
"78759",45400,"Austin","Travis County"
"78201",45355,"San Antonio","Bexar County"
"77057",45023,"Houston","Harris County"
"76210",44990,"Denton","Denton County"
"78582",44988,"Rio Grande City","Starr County"
"76108",44930,"Fort Worth","Tarrant County"
"75019",44706,"Coppell","Dallas County"
"75063",44570,"Irving","Dallas County"
"77583",44443,"Rosharon","Brazoria County"
"78043",44443,"Laredo","Webb County"
"78610",44410,"Buda","Hays County"
"76112",44116,"Fort Worth","Tarrant County"
"75050",43856,"Grand Prairie","Dallas County"
"77339",43810,"Kingwood","Harris County"
"76513",43738,"Belton","Bell County"
"75703",43682,"Tyler","Smith County"
"77389",43674,"Spring","Harris County"
"78573",43555,"Mission","Hidalgo County"
"75024",43520,"Plano","Collin County"
"77055",43362,"Houston","Harris County"
"78209",43184,"San Antonio","Bexar County"
"77471",43116,"Rosenberg","Fort Bend County"
"77007",42881,"Houston","Harris County"
"78415",42831,"Corpus Christi","Nueces County"
"79109",42659,"Amarillo","Randall County"
"76065",42415,"Midlothian","Ellis County"
"78230",42387,"San Antonio","Bexar County"
"78216",42379,"San Antonio","Bexar County"
"78213",42321,"San Antonio","Bexar County"
"79423",42284,"Lubbock","Lubbock County"
"79927",42241,"El Paso","El Paso County"
"76262",42072,"Roanoke","Denton County"
"77073",41866,"Houston","Harris County"
"78628",41428,"Georgetown","Williamson County"
"77075",41271,"Houston","Harris County"
"78006",41236,"Boerne","Kendall County"
"79705",41140,"Midland","Martin County"
"78634",41099,"Hutto","Williamson County"
"76522",41087,"Copperas Cove","Coryell County"
"77382",41085,"Spring","Montgomery County"
"76039",41045,"Euless","Tarrant County"
"77049",41035,"Houston","Harris County"
"76123",40973,"Fort Worth","Tarrant County"
"78552",40824,"Harlingen","Cameron County"
"76706",40770,"Waco","McLennan County"
"77090",40764,"Houston","Harris County"
"78626",40758,"Georgetown","Williamson County"
"77042",40747,"Houston","Harris County"
"78154",40535,"Schertz","Bexar County"
"75078",40513,"Prosper","Collin County"
"78412",40398,"Corpus Christi","Nueces County"
"75220",40327,"Dallas","Dallas County"
"77304",40317,"Conroe","Montgomery County"
"78221",40272,"San Antonio","Bexar County"
"75087",40201,"Rockwall","Rockwall County"
"75051",40166,"Grand Prairie","Dallas County"
"77901",40137,"Victoria","Victoria County"
"76248",40130,"Keller","Tarrant County"
"78589",40115,"San Juan","Hidalgo County"
"77354",40094,"Magnolia","Montgomery County"
"79925",40001,"El Paso","El Paso County"
"78028",39906,"Kerrville","Kerr County"
"75077",39853,"Lewisville","Denton County"
"79762",39649,"Odessa","Ector County"
"77063",39554,"Houston","Harris County"
"77365",39385,"Porter","Montgomery County"
"79707",39347,"Midland","Midland County"
"77066",39234,"Houston","Harris County"
"75231",39158,"Dallas","Dallas County"
"75069",39048,"Mckinney","Collin County"
"77065",38994,"Houston","Harris County"
"77642",38720,"Port Arthur","Jefferson County"
"77074",38624,"Houston","Harris County"
"77008",38496,"Houston","Harris County"
"78237",38492,"San Antonio","Bexar County"
"79107",38441,"Amarillo","Potter County"
"75206",38432,"Dallas","Dallas County"
"75189",38261,"Royse City","Rockwall County"
"77705",38228,"Beaumont","Jefferson County"
"77377",38188,"Tomball","Harris County"
"77320",38170,"Huntsville","Walker County"
"76001",38010,"Arlington","Tarrant County"
"75042",37925,"Garland","Dallas County"
"76106",37777,"Fort Worth","Tarrant County"
"77489",37748,"Missouri City","Fort Bend County"
"77014",37573,"Houston","Harris County"
"77506",37561,"Pasadena","Harris County"
"76226",37413,"Argyle","Denton County"
"78132",37386,"New Braunfels","Comal County"
"77571",37346,"La Porte","Harris County"
"75248",37282,"Dallas","Dallas County"
"77034",37273,"Houston","Harris County"
"76180",37271,"North Richland Hills","Tarrant County"
"77024",37269,"Houston","Harris County"
"78539",37182,"Edinburg","Hidalgo County"
"78218",37122,"San Antonio","Bexar County"
"76904",37090,"San Angelo","Tom Green County"
"75075",37032,"Plano","Collin County"
"78723",37000,"Austin","Travis County"
"77009",36872,"Houston","Harris County"
"77535",36841,"Dayton","Liberty County"
"79915",36737,"El Paso","El Paso County"
"78040",36727,"Laredo","Webb County"
"78596",36545,"Weslaco","Hidalgo County"
"75032",36514,"Rockwall","Rockwall County"
"75081",36493,"Richardson","Dallas County"
"77520",36488,"Baytown","Harris County"
"77381",36414,"Spring","Montgomery County"
"78242",36404,"San Antonio","Bexar County"
"77502",36374,"Pasadena","Harris County"
"77092",36320,"Houston","Harris County"
"78244",36234,"San Antonio","Bexar County"
"78232",36169,"San Antonio","Bexar County"
"78599",35999,"Weslaco","Hidalgo County"
"78260",35972,"San Antonio","Bexar County"
"77087",35960,"Houston","Harris County"
"79763",35940,"Odessa","Ector County"
"75224",35903,"Dallas","Dallas County"
"78413",35750,"Corpus Christi","Nueces County"
"76013",35535,"Arlington","Tarrant County"
"79416",35524,"Lubbock","Lubbock County"
"77004",35506,"Houston","Harris County"
"77079",35097,"Houston","Harris County"
"78570",35043,"Mercedes","Hidalgo County"
"78602",34978,"Bastrop","Bastrop County"
"75089",34974,"Rowlett","Dallas County"
"76021",34858,"Bedford","Tarrant County"
"75701",34822,"Tyler","Smith County"
"78749",34714,"Austin","Travis County"
"77351",34676,"Livingston","Polk County"
"78717",34499,"Austin","Williamson County"
"78516",34469,"Alamo","Hidalgo County"
"77301",34299,"Conroe","Montgomery County"
"77035",34254,"Houston","Harris County"
"75904",34191,"Lufkin","Angelina County"
"75501",34183,"Texarkana","Bowie County"
"78229",34082,"San Antonio","Bexar County"
"75214",34015,"Dallas","Dallas County"
"77340",33969,"Huntsville","Walker County"
"75234",33838,"Dallas","Dallas County"
"77477",33771,"Stafford","Fort Bend County"
"77327",33673,"Cleveland","Liberty County"
"76110",33640,"Fort Worth","Tarrant County"
"75605",33614,"Longview","Gregg County"
"77047",33569,"Houston","Harris County"
"77076",33529,"Houston","Harris County"
"78210",33413,"San Antonio","Bexar County"
"77515",33406,"Angleton","Brazoria County"
"77590",33347,"Texas City","Galveston County"
"75232",33333,"Dallas","Dallas County"
"76543",33220,"Killeen","Bell County"
"77536",33111,"Deer Park","Harris County"
"75241",33081,"Dallas","Dallas County"
"76002",33076,"Arlington","Tarrant County"
"77096",33001,"Houston","Harris County"
"76020",32937,"Azle","Parker County"
"75229",32885,"Dallas","Dallas County"
"78653",32884,"Manor","Travis County"
"76014",32805,"Arlington","Tarrant County"
"76117",32692,"Haltom City","Tarrant County"
"78705",32644,"Austin","Travis County"
"76548",32608,"Harker Heights","Bell County"
"77017",32574,"Houston","Harris County"
"75038",32559,"Irving","Dallas County"
"79706",32527,"Midland","Midland County"
"77045",32478,"Houston","Harris County"
"77067",32405,"Houston","Harris County"
"79720",32297,"Big Spring","Howard County"
"75238",32180,"Dallas","Dallas County"
"78217",32152,"San Antonio","Bexar County"
"77038",32142,"Houston","Harris County"
"77803",32130,"Bryan","Brazos County"
"76705",31985,"Waco","McLennan County"
"77041",31912,"Houston","Harris County"
"76140",31882,"Fort Worth","Tarrant County"
"76087",31831,"Weatherford","Parker County"
"75036",31792,"Frisco","Denton County"
"79904",31634,"El Paso","El Paso County"
"75204",31627,"Dallas","Dallas County"
"75010",31609,"Carrollton","Denton County"
"77355",31593,"Magnolia","Montgomery County"
"79761",31521,"Odessa","Ector County"
"78211",31433,"San Antonio","Bexar County"
"76901",31415,"San Angelo","Tom Green County"
"76053",31396,"Hurst","Tarrant County"
"77532",31384,"Crosby","Harris County"
"75604",31361,"Longview","Gregg County"
"75041",31344,"Garland","Dallas County"
"78729",31309,"Austin","Williamson County"
"77530",31304,"Channelview","Harris County"
"76092",31212,"Southlake","Tarrant County"
"78754",31110,"Austin","Travis County"
"76016",31079,"Arlington","Tarrant County"
"75110",31008,"Corsicana","Navarro County"
"76903",30955,"San Angelo","Tom Green County"
"77357",30907,"New Caney","Montgomery County"
"76040",30708,"Euless","Tarrant County"
"76401",30703,"Stephenville","Erath County"
"78727",30601,"Austin","Travis County"
"77316",30577,"Montgomery","Montgomery County"
"77566",30538,"Lake Jackson","Brazoria County"
"76182",30509,"North Richland Hills","Tarrant County"
"76036",30489,"Crowley","Tarrant County"
"78239",30482,"San Antonio","Bexar County"
"77091",30357,"Houston","Harris County"
"77053",30175,"Houston","Fort Bend County"
"77380",30034,"Spring","Montgomery County"
"75208",29992,"Dallas","Dallas County"
"77904",29761,"Victoria","Victoria County"
"77086",29705,"Houston","Harris County"
"77706",29693,"Beaumont","Jefferson County"
"76107",29629,"Fort Worth","Tarrant County"
"78418",29626,"Corpus Christi","Kleberg County"
"77356",29515,"Montgomery","Montgomery County"
"75119",29509,"Ennis","Ellis County"
"75082",29386,"Richardson","Collin County"
"77016",29376,"Houston","Harris County"
"76049",29301,"Granbury","Hood County"
"77025",29295,"Houston","Harris County"
"79932",29269,"El Paso","El Paso County"
"76240",29253,"Gainesville","Cooke County"
"78363",29246,"Kingsville","Kleberg County"
"78617",29244,"Del Valle","Travis County"
"76134",29211,"Fort Worth","Tarrant County"
"77630",29160,"Orange","Orange County"
"79605",28989,"Abilene","Taylor County"
"77018",28892,"Houston","Harris County"
"77833",28884,"Brenham","Washington County"
"76712",28758,"Woodway","McLennan County"
"78738",28613,"Austin","Travis County"
"78750",28564,"Austin","Travis County"
"77005",28470,"Houston","Harris County"
"79701",28461,"Midland","Midland County"
"76201",28345,"Denton","Denton County"
"78724",28331,"Austin","Travis County"
"78746",28329,"Austin","Travis County"
"75901",28257,"Lufkin","Angelina County"
"77033",28255,"Houston","Harris County"
"75048",28210,"Sachse","Dallas County"
"78023",28195,"Helotes","Bexar County"
"78410",28167,"Corpus Christi","Nueces County"
"75009",28109,"Celina","Collin County"
"79106",27992,"Amarillo","Potter County"
"75181",27980,"Mesquite","Dallas County"
"77039",27907,"Houston","Harris County"
"76018",27827,"Arlington","Tarrant County"
"79606",27797,"Abilene","Taylor County"
"75702",27775,"Tyler","Smith County"
"76012",27769,"Arlington","Tarrant County"
"75503",27675,"Texarkana","Bowie County"
"76033",27664,"Cleburne","Johnson County"
"75252",27541,"Dallas","Collin County"
"76209",27538,"Denton","Denton County"
"77523",27489,"Baytown","Chambers County"
"76208",27364,"Denton","Denton County"
"76114",27297,"Fort Worth","Tarrant County"
"78633",27292,"Georgetown","Williamson County"
"76052",27171,"Haslet","Tarrant County"
"75088",27143,"Rowlett","Dallas County"
"78728",27111,"Austin","Travis County"
"77441",27067,"Fulshear","Fort Bend County"
"75180",27050,"Balch Springs","Dallas County"
"75212",27045,"Dallas","Dallas County"
"76048",27005,"Granbury","Hood County"
"78332",27003,"Alice","Jim Wells County"
"75022",27000,"Flower Mound","Denton County"
"77071",26990,"Houston","Harris County"
"79118",26937,"Amarillo","Randall County"
"76708",26917,"Waco","McLennan County"
"78212",26911,"San Antonio","Bexar County"
"77022",26903,"Houston","Harris County"
"78102",26887,"Beeville","Bee County"
"75455",26816,"Mount Pleasant","Titus County"
"77345",26791,"Kingwood","Harris County"
"76132",26709,"Fort Worth","Tarrant County"
"77054",26708,"Houston","Harris County"
"77598",26635,"Webster","Harris County"
"79934",26620,"El Paso","El Paso County"
"75407",26607,"Princeton","Collin County"
"79601",26603,"Abilene","Jones County"
"75092",26588,"Sherman","Grayson County"
"78259",26568,"San Antonio","Bexar County"
"75230",26503,"Dallas","Dallas County"
"77385",26497,"Conroe","Montgomery County"
"79602",26487,"Abilene","Taylor County"
"78731",26314,"Austin","Travis County"
"78621",26133,"Elgin","Bastrop County"
"75766",26128,"Jacksonville","Cherokee County"
"75240",26058,"Dallas","Dallas County"
"76544",26040,"Fort Cavazos","Coryell County"
"77545",25988,"Fresno","Fort Bend County"
"75160",25964,"Terrell","Kaufman County"
"79764",25907,"Odessa","Ector County"
"77043",25900,"Houston","Harris County"
"78238",25900,"San Antonio","Bexar County"
"79930",25899,"El Paso","El Paso County"
"77662",25849,"Vidor","Orange County"
"76034",25793,"Colleyville","Tarrant County"
"75090",25788,"Sherman","Grayson County"
"79072",25747,"Plainview","Hale County"
"78261",25729,"San Antonio","Bexar County"
"75482",25724,"Sulphur Springs","Hopkins County"
"78702",25723,"Austin","Travis County"
"77020",25715,"Houston","Harris County"
"77023",25680,"Houston","Harris County"
"76109",25658,"Fort Worth","Tarrant County"
"77021",25500,"Houston","Harris County"
"76126",25480,"Fort Worth","Tarrant County"
"77504",25401,"Pasadena","Harris County"
"75205",25212,"Dallas","Dallas County"
"78757",25183,"Austin","Travis County"
"77061",25169,"Houston","Harris County"
"76801",25048,"Brownwood","Brown County"
"78737",24951,"Austin","Hays County"
"78222",24866,"San Antonio","Bexar County"
"75219",24797,"Dallas","Dallas County"
"75662",24640,"Kilgore","Gregg County"
"77062",24561,"Houston","Harris County"
"75020",24486,"Denison","Grayson County"
"75253",24411,"Dallas","Dallas County"
"77578",24322,"Manvel","Brazoria County"
"75254",24316,"Dallas","Dallas County"
"76504",24276,"Temple","Bell County"
"78566",24232,"Los Fresnos","Cameron County"
"77802",24226,"Bryan","Brazos County"
"79603",24189,"Abilene","Taylor County"
"77414",24107,"Bay City","Matagorda County"
"77303",24106,"Conroe","Montgomery County"
"75460",24094,"Paris","Lamar County"
"75146",24089,"Lancaster","Dallas County"
"76148",24080,"Fort Worth","Tarrant County"
"76006",24072,"Arlington","Tarrant County"
"78380",24055,"Robstown","Nueces County"
"77006",24006,"Houston","Harris County"
"77586",23802,"Seabrook","Harris County"
"78624",23538,"Fredericksburg","Gillespie County"
"79413",23523,"Lubbock","Lubbock County"
"78411",23492,"Corpus Christi","Nueces County"
"76082",23489,"Springtown","Parker County"
"75094",23370,"Plano","Collin County"
"78114",23351,"Floresville","Wilson County"
"76105",23252,"Fort Worth","Tarrant County"
"77503",23248,"Pasadena","Harris County"
"77550",23215,"Galveston","Galveston County"
"77505",23179,"Pasadena","Harris County"
"79407",23177,"Lubbock","Hockley County"
"77478",23105,"Sugar Land","Fort Bend County"
"76008",23084,"Aledo","Parker County"
"76710",23008,"Waco","McLennan County"
"77384",22958,"Conroe","Montgomery County"
"78214",22914,"San Antonio","Bexar County"
"77019",22839,"Houston","Harris County"
"75142",22756,"Kaufman","Kaufman County"
"75159",22751,"Seagoville","Dallas County"
"78703",22669,"Austin","Travis County"
"79015",22659,"Canyon","Randall County"
"78752",22599,"Austin","Travis County"
"76011",22529,"Arlington","Tarrant County"
"77551",22521,"Galveston","Galveston County"
"79119",22371,"Amarillo","Randall County"
"75409",22249,"Anna","Collin County"
"78148",22236,"Universal City","Bexar County"
"77627",22180,"Nederland","Jefferson County"
"79905",22133,"El Paso","El Paso County"
"78133",22120,"Canyon Lake","Comal County"
"76086",21979,"Weatherford","Parker County"
"76177",21967,"Fort Worth","Tarrant County"
"75225",21965,"Dallas","Dallas County"
"77056",21941,"Houston","Harris County"
"78503",21799,"Mcallen","Hidalgo County"
"75039",21795,"Irving","Dallas County"
"75803",21702,"Palestine","Anderson County"
"78734",21685,"Austin","Travis County"
"78015",21583,"Boerne","Kendall County"
"77632",21451,"Orange","Orange County"
"79703",21434,"Midland","Midland County"
"75771",21408,"Lindale","Smith County"
"75218",21393,"Dallas","Dallas County"
"76111",21366,"Fort Worth","Tarrant County"
"76115",21355,"Fort Worth","Tarrant County"
"75602",21343,"Longview","Harrison County"
"78747",21253,"Austin","Travis County"
"78801",21248,"Uvalde","Uvalde County"
"79765",21210,"Odessa","Midland County"
"77657",21084,"Lumberton","Hardin County"
"76058",21082,"Joshua","Johnson County"
"75401",21000,"Greenville","Hunt County"
"78224",20965,"San Antonio","Bexar County"
"76205",20734,"Denton","Denton County"
"77026",20732,"Houston","Harris County"
"78642",20699,"Liberty Hill","Williamson County"
"77069",20633,"Houston","Harris County"
"75964",20623,"Nacogdoches","Nacogdoches County"
"76067",20582,"Mineral Wells","Palo Pinto County"
"76308",20493,"Wichita Falls","Wichita County"
"77568",20417,"La Marque","Galveston County"
"75402",20299,"Greenville","Hunt County"
"75134",20179,"Lancaster","Dallas County"
"75116",20145,"Duncanville","Dallas County"
"76234",20110,"Decatur","Wise County"
"78644",20088,"Lockhart","Caldwell County"
"78374",20037,"Portland","San Patricio County"
"75137",20013,"Duncanville","Dallas County"
"78739",19907,"Austin","Travis County"
"78620",19893,"Dripping Springs","Hays County"
"76009",19879,"Alvarado","Johnson County"
"76120",19842,"Fort Worth","Tarrant County"
"78735",19793,"Austin","Travis County"
"77048",19741,"Houston","Harris County"
"76310",19676,"Wichita Falls","Archer County"
"76574",19629,"Taylor","Williamson County"
"79065",19549,"Pampa","Gray County"
"75237",19530,"Dallas","Dallas County"
"77027",19478,"Houston","Harris County"
"78382",19425,"Rockport","Aransas County"
"78654",19379,"Marble Falls","Burnet County"
"78612",19354,"Cedar Creek","Bastrop County"
"76528",19323,"Gatesville","Coryell County"
"78732",19311,"Austin","Travis County"
"77447",19196,"Hockley","Harris County"
"77318",19127,"Willis","Montgomery County"
"79902",19108,"El Paso","El Paso County"
"77302",19076,"Conroe","Montgomery County"
"75215",18950,"Dallas","Dallas County"
"75235",18936,"Dallas","Dallas County"
"76104",18914,"Fort Worth","Tarrant County"
"76541",18849,"Killeen","Bell County"
"79110",18844,"Amarillo","Randall County"
"79935",18815,"El Paso","El Paso County"
"77002",18800,"Houston","Harris County"
"77028",18669,"Houston","Harris County"
"76135",18648,"Fort Worth","Tarrant County"
"79045",18597,"Hereford","Deaf Smith County"
"76266",18546,"Sanger","Denton County"
"78070",18529,"Spring Branch","Comal County"
"77013",18512,"Houston","Harris County"
"75670",18466,"Marshall","Harrison County"
"77437",18466,"El Campo","Wharton County"
"77059",18370,"Houston","Harris County"
"79714",18362,"Andrews","Andrews County"
"75236",18249,"Dallas","Dallas County"
"78255",18149,"San Antonio","Bexar County"
"77707",18124,"Beaumont","Jefferson County"
"77378",18112,"Willis","Montgomery County"
"76031",18108,"Cleburne","Johnson County"
"79414",18027,"Lubbock","Lubbock County"
"75751",17989,"Athens","Henderson County"
"75201",17985,"Dallas","Dallas County"
"77058",17956,"Houston","Harris County"
"77012",17950,"Houston","Harris County"
"77328",17860,"Cleveland","San Jacinto County"
"75249",17853,"Dallas","Dallas County"
"78584",17721,"Roma","Starr County"
"77037",17585,"Houston","Harris County"
"77868",17559,"Navasota","Grimes County"
"76015",17474,"Arlington","Tarrant County"
"75965",17410,"Nacogdoches","Nacogdoches County"
"77031",17351,"Houston","Harris County"
"76103",17285,"Fort Worth","Tarrant County"
"75057",17280,"Lewisville","Denton County"
"77656",17280,"Silsbee","Hardin County"
"75054",17261,"Grand Prairie","Tarrant County"
"75454",17241,"Melissa","Collin County"
"77401",17233,"Bellaire","Harris County"
"76501",17200,"Temple","Bell County"
"77619",17110,"Groves","Jefferson County"
"77541",17087,"Freeport","Brazoria County"
"79415",17086,"Lubbock","Lubbock County"
"77051",16974,"Houston","Harris County"
"78220",16919,"San Antonio","Bexar County"
"77640",16896,"Port Arthur","Jefferson County"
"76247",16870,"Justin","Denton County"
"79360",16858,"Seminole","Gaines County"
"76118",16822,"Fort Worth","Tarrant County"
"76207",16685,"Denton","Denton County"
"77011",16685,"Houston","Harris County"
"75672",16637,"Marshall","Harrison County"
"75001",16633,"Addison","Dallas County"
"77979",16607,"Port Lavaca","Calhoun County"
"75474",16586,"Quinlan","Hunt County"
"77085",16550,"Houston","Harris County"
"75801",16549,"Palestine","Anderson County"
"76707",16516,"Waco","McLennan County"
"77905",16500,"Victoria","Victoria County"
"77306",16443,"Conroe","Montgomery County"
"78219",16442,"San Antonio","Bexar County"
"77575",16392,"Liberty","Liberty County"
"75103",16372,"Canton","Van Zandt County"
"78751",16326,"Austin","Travis County"
"75203",16265,"Dallas","Dallas County"
"75156",16262,"Mabank","Henderson County"
"79403",16194,"Lubbock","Lubbock County"
"77587",16185,"South Houston","Harris County"
"76643",16034,"Hewitt","McLennan County"
"77029",16008,"Houston","Harris County"
"78064",15969,"Pleasanton","Atascosa County"
"77591",15914,"Texas City","Galveston County"
"75233",15876,"Dallas","Dallas County"
"77531",15842,"Clute","Brazoria County"
"79903",15729,"El Paso","El Paso County"
"75707",15724,"Tyler","Smith County"
"77423",15627,"Brookshire","Waller County"
"78252",15624,"San Antonio","Bexar County"
"76301",15610,"Wichita Falls","Wichita County"
"79549",15608,"Snyder","Scurry County"
"77098",15553,"Houston","Harris County"
"79336",15489,"Levelland","Hockley County"
"75601",15470,"Longview","Gregg County"
"78163",15389,"Bulverde","Comal County"
"75169",15361,"Wills Point","Van Zandt County"
"79029",15358,"Dumas","Moore County"
"78676",15321,"Wimberley","Hays County"
"77801",15163,"Bryan","Brazos County"
"79412",15161,"Lubbock","Lubbock County"
"75951",15148,"Jasper","Jasper County"
"75961",15081,"Nacogdoches","Nacogdoches County"
"78405",14901,"Corpus Christi","Nueces County"
"78404",14873,"Corpus Christi","Nueces County"
"77474",14819,"Sealy","Austin County"
"76088",14693,"Weatherford","Parker County"
"75791",14685,"Whitehouse","Smith County"
"77445",14680,"Hempstead","Waller County"
"77808",14666,"Bryan","Brazos County"
"76022",14632,"Bedford","Tarrant County"
"75143",14584,"Kemp","Kaufman County"
"75418",14473,"Bonham","Fannin County"
"78121",14461,"La Vernia","Wilson County"
"75762",14459,"Flint","Smith County"
"77713",14458,"Beaumont","Jefferson County"
"76306",14391,"Wichita Falls","Wichita County"
"78645",14344,"Leander","Travis County"
"77422",14302,"Brazoria","Brazoria County"
"77078",14241,"Houston","Harris County"
"75773",14227,"Mineola","Wood County"
"76309",14216,"Wichita Falls","Wichita County"
"75209",14208,"Dallas","Dallas County"
"77488",14205,"Wharton","Wharton County"
"78557",14075,"Hidalgo","Hidalgo County"
"76367",13984,"Iowa Park","Wichita County"
"79007",13928,"Borger","Hutchinson County"
"78416",13865,"Corpus Christi","Nueces County"
"76164",13853,"Fort Worth","Tarrant County"
"78611",13815,"Burnet","Burnet County"
"78225",13802,"San Antonio","Bexar County"
"77032",13743,"Houston","Harris County"
"75652",13704,"Henderson","Rusk County"
"78726",13696,"Austin","Travis County"
"77484",13661,"Waller","Waller County"
"77651",13635,"Port Neches","Jefferson County"
"76550",13574,"Lampasas","Lampasas County"
"77510",13506,"Santa Fe","Galveston County"
"78576",13466,"Penitas","Hidalgo County"
"75757",13430,"Bullard","Cherokee County"
"76905",13424,"San Angelo","Tom Green County"
"75167",13421,"Waxahachie","Ellis County"
"78248",13366,"San Antonio","Bexar County"
"77372",13364,"Splendora","Montgomery County"
"78580",13344,"Raymondville","Willacy County"
"79772",13305,"Pecos","Reeves County"
"77708",13284,"Beaumont","Jefferson County"
"79849",13200,"San Elizario","El Paso County"
"75686",13180,"Pittsburg","Camp County"
"75223",13174,"Dallas","Dallas County"
"78861",13131,"Hondo","Medina County"
"79735",13056,"Fort Stockton","Pecos County"
"75633",13055,"Carthage","Panola County"
"78076",13037,"Zapata","Zapata County"
"75647",13026,"Gladewater","Gregg County"
"76450",13003,"Graham","Young County"
"78559",12973,"La Feria","Cameron County"
"77701",12955,"Beaumont","Jefferson County"
"77807",12949,"Bryan","Brazos County"
"75644",12902,"Gilmer","Upshur County"
"75654",12817,"Henderson","Rusk County"
"75065",12787,"Lake Dallas","Denton County"
"75244",12734,"Dallas","Dallas County"
"77461",12719,"Needville","Fort Bend County"
"79556",12621,"Sweetwater","Nolan County"
"77030",12546,"Houston","Harris County"
"78264",12545,"San Antonio","Bexar County"
"79835",12378,"Canutillo","El Paso County"
"76384",12279,"Vernon","Wilbarger County"
"78256",12195,"San Antonio","Bexar County"
"76657",12160,"Mcgregor","McLennan County"
"75935",12073,"Center","Shelby County"
"76084",12058,"Venus","Johnson County"
"78629",12054,"Gonzales","Gonzales County"
"77836",12042,"Caldwell","Burleson County"
"78204",11969,"San Antonio","Bexar County"
"76054",11886,"Hurst","Tarrant County"
"77336",11835,"Huffman","Harris County"
"79766",11822,"Odessa","Ector County"
"76354",11794,"Burkburnett","Wichita County"
"78336",11774,"Aransas Pass","San Patricio County"
"78065",11741,"Poteet","Atascosa County"
"77703",11704,"Beaumont","Jefferson County"
"76085",11695,"Weatherford","Parker County"
"76102",11645,"Fort Worth","Tarrant County"
"79331",11619,"Lamesa","Dawson County"
"76537",11501,"Jarrell","Williamson County"
"75979",11473,"Woodville","Tyler County"
"75835",11470,"Crockett","Houston County"
"77068",11451,"Houston","Harris County"
"75462",11406,"Paris","Lamar County"
"75428",11398,"Commerce","Hunt County"
"78016",11345,"Devine","Medina County"
"75706",11334,"Tyler","Smith County"
"79124",11207,"Amarillo","Potter County"
"75570",11197,"New Boston","Bowie County"
"76302",11169,"Wichita Falls","Wichita County"
"75494",11167,"Winnsboro","Wood County"
"79108",11161,"Amarillo","Potter County"
"76426",11132,"Bridgeport","Wise County"
"76645",10970,"Hillsboro","Hill County"
"79103",10961,"Amarillo","Potter County"
"77954",10918,"Cuero","DeWitt County"
"75551",10917,"Atlanta","Cass County"
"75785",10906,"Rusk","Cherokee County"
"78061",10892,"Pearsall","Frio County"
"77995",10890,"Yoakum","DeWitt County"
"78669",10802,"Spicewood","Travis County"
"78362",10737,"Ingleside","San Patricio County"
"78945",10718,"La Grange","Fayette County"
"79022",10672,"Dalhart","Dallam County"
"78701",10659,"Austin","Travis County"
"77094",10623,"Houston","Harris County"
"75442",10571,"Farmersville","Collin County"
"76273",10553,"Whitesboro","Grayson County"
"78578",10540,"Port Isabel","Cameron County"
"79410",10502,"Lubbock","Lubbock County"
"78721",10445,"Austin","Travis County"
"77418",10384,"Bellville","Austin County"
"77563",10382,"Hitchcock","Galveston County"
"77518",10313,"Bacliff","Galveston County"
"78063",10309,"Pipe Creek","Bandera County"
"76667",10275,"Mexia","Limestone County"
"78112",10234,"Elmendorf","Bexar County"
"75645",10180,"Gilmer","Upshur County"
"77003",10169,"Houston","Harris County"
"75708",10155,"Tyler","Smith County"
"79316",10109,"Brownfield","Terry County"
"78408",10104,"Corpus Christi","Nueces County"
"78538",10091,"Edcouch","Hidalgo County"
"75862",10017,"Trinity","Trinity County"
"78231",9972,"San Antonio","Bexar County"
"75650",9921,"Hallsville","Harrison County"
"78725",9896,"Austin","Travis County"
"78957",9887,"Smithville","Bastrop County"
"77554",9825,"Galveston","Galveston County"
"78756",9816,"Austin","Travis County"
"77611",9814,"Bridge City","Orange County"
"77562",9793,"Highlands","Harris County"
"78257",9783,"San Antonio","Bexar County"
"78730",9746,"Austin","Travis County"
"78942",9746,"Giddings","Lee County"
"76230",9742,"Bowie","Montague County"
"77612",9725,"Buna","Jasper County"
"76078",9696,"Rhome","Wise County"
"78202",9695,"San Antonio","Bexar County"
"79070",9693,"Perryton","Ochiltree County"
"76692",9673,"Whitney","Hill County"
"75495",9658,"Van Alstyne","Grayson County"
"76571",9648,"Salado","Bell County"
"79756",9632,"Monahans","Ward County"
"76249",9572,"Krum","Denton County"
"76711",9474,"Waco","McLennan County"
"79401",9431,"Lubbock","Lubbock County"
"78736",9352,"Austin","Travis County"
"77547",9336,"Galena Park","Harris County"
"75173",9296,"Nevada","Collin County"
"75704",9284,"Tyler","Smith County"
"78073",9219,"Von Ormy","Bexar County"
"78009",9202,"Castroville","Medina County"
"78387",9148,"Sinton","San Patricio County"
"75758",9131,"Chandler","Henderson County"
"78733",9014,"Austin","Travis County"
"79382",8999,"Wolfforth","Lubbock County"
"78368",8989,"Mathis","San Patricio County"
"78003",8940,"Bandera","Bandera County"
"79404",8935,"Lubbock","Lubbock County"
"75021",8925,"Denison","Grayson County"
"78101",8863,"Adkins","Bexar County"
"79911",8844,"El Paso","El Paso County"
"78616",8821,"Dale","Caldwell County"
"79102",8805,"Amarillo","Potter County"
"75210",8750,"Dallas","Dallas County"
"79901",8747,"El Paso","El Paso County"
"76539",8713,"Kempner","Lampasas County"
"75941",8666,"Diboll","Angelina County"
"76424",8656,"Breckenridge","Stephens County"
"78543",8614,"Elsa","Hidalgo County"
"76655",8591,"Lorena","McLennan County"
"76446",8554,"Dublin","Erath County"
"76060",8552,"Kennedale","Tarrant County"
"75076",8536,"Pottsboro","Grayson County"
"75135",8515,"Caddo Mills","Hunt County"
"77957",8492,"Edna","Jackson County"
"75949",8472,"Huntington","Angelina County"
"77625",8274,"Kountze","Hardin County"
"78639",8274,"Kingsland","Llano County"
"78648",8250,"Luling","Caldwell County"
"76567",8244,"Rockdale","Milam County"
"75147",8239,"Mabank","Van Zandt County"
"78236",8154,"Jbsa Lackland","Bexar County"
"79510",8058,"Clyde","Callahan County"
"78002",8047,"Atascosa","Bexar County"
"75684",8030,"Overton","Rusk County"
"75207",8029,"Dallas","Dallas County"
"77480",8017,"Sweeny","Brazoria County"
"75765",7944,"Hawkins","Wood County"
"75140",7933,"Grand Saline","Van Zandt County"
"79830",7912,"Alpine","Brewster County"
"77964",7911,"Hallettsville","Lavaca County"
"75789",7898,"Troup","Cherokee County"
"79512",7879,"Colorado City","Mitchell County"
"76520",7878,"Cameron","Milam County"
"75182",7873,"Sunnyvale","Dallas County"
"75783",7854,"Quitman","Wood County"
"79406",7765,"Lubbock","Lubbock County"
"79836",7751,"Clint","El Paso County"
"77486",7689,"West Columbia","Brazoria County"
"76044",7644,"Godley","Johnson County"
"77843",7591,"College Station","Brazos County"
"75752",7573,"Athens","Henderson County"
"77864",7565,"Madisonville","Madison County"
"76258",7559,"Pilot Point","Denton County"
"79364",7541,"Slaton","Lubbock County"
"77331",7465,"Coldspring","San Jacinto County"
"78605",7463,"Bertram","Burnet County"
"75754",7460,"Ben Wheeler","Van Zandt County"
"76704",7450,"Waco","McLennan County"
"78839",7415,"Crystal City","Zavala County"
"76050",7395,"Grandview","Johnson County"
"78834",7386,"Carrizo Springs","Dimmit County"
"75956",7374,"Kirbyville","Jasper County"
"77371",7370,"Shepherd","San Jacinto County"
"78226",7357,"San Antonio","Bexar County"
"76634",7316,"Clifton","Bosque County"
"76043",7281,"Glen Rose","Somervell County"
"76442",7281,"Comanche","Comanche County"
"79323",7275,"Denver City","Gaines County"
"77465",7272,"Palacios","Matagorda County"
"75440",7251,"Emory","Rains County"
"78124",7250,"Marion","Guadalupe County"
"76023",7227,"Boyd","Wise County"
"77859",7220,"Hearne","Robertson County"
"79347",7182,"Muleshoe","Bailey County"
"78119",7147,"Kenedy","Karnes County"
"78069",7124,"Somerset","Atascosa County"
"75114",7123,"Crandall","Kaufman County"
"76661",7118,"Marlin","Falls County"
"78355",7080,"Falfurrias","Brooks County"
"76311",7009,"Sheppard Afb","Wichita County"
"78657",6958,"Horseshoe Bay","Llano County"
"76073",6948,"Paradise","Wise County"
"78606",6942,"Blanco","Blanco County"
"75125",6920,"Ferris","Ellis County"
"78266",6913,"San Antonio","Comal County"
"78643",6811,"Llano","Llano County"
"79201",6799,"Childress","Childress County"
"79922",6796,"El Paso","El Paso County"
"75657",6771,"Jefferson","Marion County"
"79339",6704,"Littlefield","Lamb County"
"79821",6678,"Anthony","El Paso County"
"77362",6626,"Pinehurst","Montgomery County"
"77665",6593,"Winnie","Chambers County"
"79745",6561,"Kermit","Winkler County"
"77565",6493,"Kemah","Galveston County"
"78934",6478,"Columbus","Colorado County"
"75161",6468,"Terrell","Kaufman County"
"76559",6443,"Nolanville","Bell County"
"79411",6437,"Lubbock","Lubbock County"
"75840",6428,"Fairfield","Freestone County"
"78026",6426,"Jourdanton","Atascosa County"
"76825",6415,"Brady","McCulloch County"
"78583",6384,"Rio Hondo","Cameron County"
"76633",6348,"China Spring","McLennan County"
"75603",6341,"Longview","Gregg County"
"78052",6339,"Lytle","Atascosa County"
"75763",6336,"Frankston","Anderson County"
"76691",6315,"West","McLennan County"
"78722",6308,"Austin","Travis County"
"75860",6305,"Teague","Freestone County"
"77659",6305,"Sour Lake","Hardin County"
"76155",6295,"Fort Worth","Tarrant County"
"75457",6278,"Mount Vernon","Franklin County"
"77446",6276,"Prairie View","Waller County"
"79104",6253,"Amarillo","Potter County"
"76642",6216,"Groesbeck","Limestone County"
"75158",6202,"Scurry","Kaufman County"
"75839",6189,"Elkhart","Anderson County"
"77517",6160,"Santa Fe","Galveston County"
"75148",6143,"Malakoff","Henderson County"
"75693",6128,"White Oak","Gregg County"
"78595",6128,"Sullivan City","Hidalgo County"
"79536",6123,"Merkel","Taylor County"
"78059",6106,"Natalia","Medina County"
"75972",6081,"San Augustine","San Augustine County"
"78619",6067,"Driftwood","Hays County"
"76458",6049,"Jacksboro","Jack County"
"79906",5970,"El Paso","El Paso County"
"77050",5949,"Houston","Harris County"
"76437",5920,"Cisco","Eastland County"
"75152",5859,"Palmer","Ellis County"
"75124",5822,"Eustace","Henderson County"
"75166",5762,"Lavon","Collin County"
"76255",5743,"Nocona","Montague County"
"78390",5737,"Taft","San Patricio County"
"75640",5720,"Diana","Harrison County"
"77360",5700,"Onalaska","Polk County"
"79121",5696,"Amarillo","Randall County"
"76802",5667,"Early","Brown County"
"79356",5654,"Post","Garza County"
"78263",5642,"San Antonio","Bexar County"
"76259",5611,"Ponder","Denton County"
"77514",5541,"Anahuac","Chambers County"
"78234",5534,"Jbsa Ft Sam Houston","Bexar County"
"78384",5510,"San Diego","Duval County"
"79363",5506,"Shallowater","Lubbock County"
"78017",5471,"Dilley","Frio County"
"79838",5470,"Fabens","El Paso County"
"75559",5455,"De Kalb","Bowie County"
"79035",5439,"Friona","Parmer County"
"75939",5415,"Corrigan","Polk County"
"75459",5395,"Howe","Grayson County"
"76557",5389,"Moody","Bell County"
"75172",5378,"Wilmer","Dallas County"
"79088",5355,"Tulia","Swisher County"
"78370",5350,"Odem","San Patricio County"
"75948",5307,"Hemphill","Sabine County"
"78025",5264,"Ingram","Kerr County"
"77963",5246,"Goliad","Goliad County"
"78014",5245,"Cotulla","La Salle County"
"76059",5224,"Keene","Johnson County"
"78962",5202,"Weimar","Colorado County"
"78652",5199,"Manchaca","Travis County"
"76272",5185,"Valley View","Cooke County"
"78203",5174,"San Antonio","Bexar County"
"78013",5169,"Comfort","Kendall County"
"75831",5152,"Buffalo","Leon County"
"79036",5147,"Fritch","Carson County"
"76579",5129,"Troy","Bell County"
"75226",5108,"Dallas","Dallas County"
"75491",5094,"Whitewright","Grayson County"
"78956",5067,"Schulenburg","Fayette County"
"75638",5041,"Daingerfield","Morris County"
"75709",5031,"Tyler","Smith County"
"78593",5015,"Santa Rosa","Cameron County"
"77358",5013,"New Waverly","Walker County"
"78160",5008,"Stockdale","Wilson County"
"78372",4999,"Orange Grove","Jim Wells County"
"76834",4992,"Coleman","Coleman County"
"75755",4982,"Big Sandy","Upshur County"
"75452",4979,"Leonard","Fannin County"
"76448",4969,"Eastland","Eastland County"
"76066",4923,"Millsap","Parker County"
"75844",4922,"Grapeland","Houston County"
"75561",4901,"Hooks","Bowie County"
"76005",4899,"Arlington","Tarrant County"
"77879",4876,"Somerville","Burleson County"
"75692",4830,"Waskom","Harrison County"
"78361",4830,"Hebbronville","Jim Hogg County"
"76305",4829,"Wichita Falls","Clay County"
"78947",4818,"Lexington","Lee County"
"75966",4788,"Newton","Newton County"
"77856",4748,"Franklin","Robertson County"
"78022",4724,"George West","Live Oak County"
"79027",4720,"Dimmitt","Castro County"
"76462",4669,"Lipan","Hood County"
"78575",4649,"Olmito","Cameron County"
"76071",4610,"Newark","Wise County"
"75969",4597,"Pollok","Angelina County"
"76531",4591,"Hamilton","Hamilton County"
"78401",4583,"Corpus Christi","Nueces County"
"75656",4580,"Hughes Springs","Cass County"
"75117",4576,"Edgewood","Van Zandt County"
"76365",4566,"Henrietta","Clay County"
"78343",4554,"Bishop","Nueces County"
"75691",4547,"Tatum","Rusk County"
"76431",4543,"Chico","Wise County"
"78417",4542,"Corpus Christi","Nueces County"
"75851",4513,"Lovelady","Houston County"
"75141",4510,"Hutchins","Dallas County"
"76877",4509,"San Saba","San Saba County"
"78560",4500,"La Joya","Hidalgo County"
"75109",4466,"Corsicana","Navarro County"
"75975",4441,"Timpson","Shelby County"
"76821",4436,"Ballinger","Runnels County"
"79731",4387,"Crane","Crane County"
"79908",4378,"El Paso","El Paso County"
"78383",4374,"Sandia","Live Oak County"
"77984",4365,"Shiner","Lavaca County"
"77204",4310,"Houston","Harris County"
"76689",4308,"Valley Mills","Bosque County"
"75756",4299,"Brownsboro","Henderson County"
"77435",4242,"East Bernard","Wharton County"
"75410",4196,"Alba","Wood County"
"78208",4186,"San Antonio","Bexar County"
"78010",4174,"Center Point","Kerr County"
"79562",4157,"Tuscola","Taylor County"
"78118",4147,"Karnes City","Karnes County"
"76527",4141,"Florence","Williamson County"
"78569",4133,"Lyford","Willacy County"
"77434",4103,"Eagle Lake","Colorado County"
"76524",4053,"Eddy","Falls County"
"76457",4023,"Hico","Hamilton County"
"79782",3972,"Stanton","Martin County"
"75946",3943,"Garrison","Nacogdoches County"
"75563",3920,"Linden","Cass County"
"75472",3905,"Point","Rains County"
"76651",3902,"Italy","Ellis County"
"75497",3896,"Yantis","Wood County"
"78140",3889,"Nixon","Gonzales County"
"75144",3883,"Kerens","Navarro County"
"75567",3863,"Maud","Bowie County"
"78071",3837,"Three Rivers","Live Oak County"
"77962",3813,"Ganado","Jackson County"
"75683",3810,"Ore City","Upshur County"
"75058",3801,"Gunter","Grayson County"
"75251",3801,"Dallas","Dallas County"
"75426",3793,"Clarksville","Red River County"
"76444",3793,"De Leon","Comanche County"
"75790",3777,"Van","Van Zandt County"
"76849",3733,"Junction","Kimble County"
"79311",3705,"Abernathy","Hale County"
"79607",3699,"Dyess Afb","Taylor County"
"76664",3698,"Mart","Limestone County"
"78655",3671,"Martindale","Caldwell County"
"75473",3663,"Powderly","Lamar County"
"76374",3629,"Olney","Young County"
"75446",3594,"Honey Grove","Fannin County"
"78636",3582,"Johnson City","Blanco County"
"76055",3566,"Itasca","Hill County"
"75792",3558,"Winona","Smith County"
"75884",3535,"Tennessee Colony","Anderson County"
"76380",3526,"Seymour","Baylor County"
"76856",3506,"Mason","Mason County"
"76093",3485,"Rio Vista","Johnson County"
"75424",3483,"Blue Ridge","Collin County"
"75496",3462,"Wolfe City","Hunt County"
"75569",3456,"Nash","Bowie County"
"77485",3454,"Wallis","Austin County"
"78941",3430,"Flatonia","Fayette County"
"76476",3423,"Tolar","Hood County"
"79086",3420,"Sunray","Sherman County"
"78164",3397,"Yorktown","DeWitt County"
"79916",3395,"Fort Bliss","El Paso County"
"76950",3386,"Sonora","Sutton County"
"79521",3359,"Haskell","Haskell County"
"79845",3354,"Presidio","Presidio County"
"75962",3336,"Nacogdoches","Nacogdoches County"
"79359",3321,"Seagraves","Gaines County"
"76932",3308,"Big Lake","Reagan County"
"76844",3307,"Goldthwaite","Mills County"
"79329",3306,"Idalou","Lubbock County"
"76569",3304,"Rogers","Bell County"
"78377",3296,"Refugio","Refugio County"
"75750",3291,"Arp","Smith County"
"75414",3284,"Bells","Grayson County"
"76682",3276,"Riesel","Falls County"
"79068",3269,"Panhandle","Carson County"
"77417",3267,"Beasley","Fort Bend County"
"79081",3257,"Spearman","Hansford County"
"76233",3256,"Collinsville","Grayson County"
"78373",3242,"Port Aransas","Nueces County"
"78375",3238,"Premont","Jim Wells County"
"77702",3234,"Beaumont","Jefferson County"
"78215",3231,"San Antonio","Bexar County"
"77968",3220,"Inez","Victoria County"
"75925",3217,"Alto","Cherokee County"
"77534",3210,"Danbury","Brazoria County"
"76577",3196,"Thorndale","Milam County"
"79014",3195,"Canadian","Hemphill County"
"79504",3181,"Baird","Callahan County"
"77363",3177,"Plantersville","Grimes County"
"75453",3173,"Lone Oak","Hunt County"
"75852",3173,"Midway","Madison County"
"75572",3162,"Queen City","Cass County"
"77335",3157,"Goodrich","Polk County"
"78562",3157,"La Villa","Hidalgo County"
"78832",3157,"Brackettville","Kinney County"
"79235",3152,"Floydada","Floyd County"
"75155",3142,"Rice","Navarro County"
"76597",3123,"Gatesville","Coryell County"
"75432",3115,"Cooper","Delta County"
"76638",3106,"Crawford","McLennan County"
"76035",3101,"Cresson","Parker County"
"77831",3095,"Bedias","Grimes County"
"76225",3093,"Alvord","Wise County"
"79553",3081,"Stamford","Jones County"
"79567",3064,"Winters","Runnels County"
"78579",3063,"Progreso","Hidalgo County"
"75433",3053,"Cumby","Hopkins County"
"78662",3035,"Red Rock","Bastrop County"
"75423",3024,"Celeste","Hunt County"
"76470",3022,"Ranger","Eastland County"
"79013",3019,"Cactus","Moore County"
"79853",3007,"Tornillo","El Paso County"
"75886",3005,"Tennessee Colony","Anderson County"
"78152",2969,"Saint Hedwig","Bexar County"
"76640",2953,"Elm Mott","McLennan County"
"75973",2934,"Shelbyville","Shelby County"
"77861",2921,"Iola","Grimes County"
"77835",2912,"Burton","Washington County"
"76798",2907,"Waco","McLennan County"
"79373",2897,"Tahoka","Lynn County"
"76534",2890,"Holland","Bell County"
"75416",2865,"Blossom","Lamar County"
"76943",2841,"Ozona","Crockett County"
"79525",2829,"Hawley","Jones County"
"75422",2826,"Campbell","Hunt County"
"78631",2818,"Harper","Kimble County"
"78357",2817,"Freer","Duval County"
"77830",2815,"Anderson","Grimes County"
"79843",2814,"Marfa","Presidio County"
"78650",2807,"McDade","Bastrop County"
"78659",2782,"Paige","Bastrop County"
"75490",2775,"Trenton","Fannin County"
"75833",2764,"Centerville","Leon County"
"76648",2751,"Hubbard","Hill County"
"76823",2741,"Bangs","Brown County"
"75631",2738,"Beckville","Panola County"
"79095",2736,"Wellington","Collingsworth County"
"75661",2734,"Karnack","Harrison County"
"76252",2729,"Muenster","Cooke County"
"75974",2726,"Tenaha","Shelby County"
"75954",2719,"Joaquin","Shelby County"
"79226",2713,"Clarendon","Donley County"
"76487",2707,"Poolville","Parker County"
"79252",2702,"Quanah","Hardeman County"
"78113",2691,"Falls City","Wilson County"
"75855",2657,"Oakwood","Leon County"
"79501",2648,"Anson","Jones County"
"78656",2631,"Maxwell","Caldwell County"
"75630",2622,"Avinger","Cass County"
"77664",2621,"Warren","Tyler County"
"75571",2618,"Omaha","Morris County"
"79041",2612,"Hale Center","Hale County"
"75846",2609,"Jewett","Leon County"
"75859",2607,"Streetman","Freestone County"
"76665",2596,"Meridian","Bosque County"
"75681",2593,"Mount Enterprise","Rusk County"
"76624",2587,"Axtell","McLennan County"
"75486",2569,"Sumner","Lamar County"
"76656",2560,"Lott","Falls County"
"75770",2557,"Larue","Henderson County"
"79520",2552,"Hamlin","Jones County"
"78235",2548,"San Antonio","Bexar County"
"76360",2541,"Electra","Wichita County"
"75163",2540,"Trinidad","Henderson County"
"79758",2540,"Gardendale","Ector County"
"77871",2528,"Normangee","Leon County"
"75980",2522,"Zavalla","Angelina County"
"76554",2509,"Little River Academy","Bell County"
"79101",2498,"Amarillo","Potter County"
"75568",2494,"Naples","Cass County"
"76936",2474,"Eldorado","Schleicher County"
"75668",2471,"Lone Star","Morris County"
"75778",2471,"Murchison","Henderson County"
"75554",2447,"Avery","Red River County"
"76530",2424,"Granger","Williamson County"
"78409",2424,"Corpus Christi","Nueces County"
"75202",2421,"Dallas","Dallas County"
"79079",2409,"Shamrock","Wheeler County"
"76511",2390,"Bartlett","Bell County"
"76449",2389,"Graford","Palo Pinto County"
"78597",2386,"South Padre Island","Cameron County"
"78950",2376,"New Ulm","Austin County"
"79325",2374,"Farwell","Parmer County"
"79064",2371,"Olton","Lamb County"
"75417",2357,"Bogata","Red River County"
"75705",2348,"Tyler","Smith County"
"77983",2337,"Seadrift","Calhoun County"
"75436",2334,"Detroit","Red River County"
"77872",2327,"North Zulch","Madison County"
"76693",2320,"Wortham","Freestone County"
"77420",2313,"Boling","Wharton County"
"78123",2310,"McQueeney","Guadalupe County"
"75938",2306,"Colmesneil","Tyler County"
"79040",2271,"Gruver","Hansford County"
"75246",2265,"Dallas","Dallas County"
"75845",2262,"Groveton","Trinity County"
"76430",2260,"Albany","Shackelford County"
"75639",2256,"De Berry","Panola County"
"76570",2243,"Rosebud","Falls County"
"78406",2240,"Corpus Christi","Nueces County"
"79245",2227,"Memphis","Hall County"
"75643",2216,"Gary","Panola County"
"75760",2204,"Cushing","Nacogdoches County"
"75651",2197,"Harleton","Harrison County"
"78039",2193,"La Coste","Medina County"
"79855",2160,"Van Horn","Culberson County"
"77865",2141,"Marquez","Leon County"
"79241",2138,"Lockney","Floyd County"
"75968",2128,"Pineland","Sabine County"
"78359",2122,"Gregory","San Patricio County"
"78389",2097,"Skidmore","Bee County"
"78056",2096,"Mico","Medina County"
"77426",2086,"Chappell Hill","Washington County"
"77650",2073,"Port Bolivar","Galveston County"
"78940",2071,"Fayetteville","Fayette County"
"76270",2064,"Sunset","Montague County"
"75931",2053,"Brookeland","Jasper County"
"76861",2048,"Miles","Tom Green County"
"75558",2043,"Cookville","Titus County"
"77880",2041,"Washington","Washington County"
"78055",2036,"Medina","Bandera County"
"75479",2019,"Savoy","Fannin County"
"76671",2011,"Morgan","Bosque County"
"76556",2008,"Milano","Milam County"
"77364",2005,"Pointblank","San Jacinto County"
"79096",2001,"Wheeler","Wheeler County"
"79752",2000,"McCamey","Upton County"
"77622",1990,"Hamshire","Jefferson County"
"76857",1989,"May","Brown County"
"76366",1984,"Holliday","Archer County"
"78638",1982,"Kingsbury","Guadalupe County"
"75930",1972,"Bronson","San Augustine County"
"78393",1966,"Woodsboro","Refugio County"
"76837",1964,"Eden","Concho County"
"77455",1962,"Louise","Wharton County"
"76271",1961,"Tioga","Grayson County"
"76630",1953,"Bruceville","McLennan County"
"76064",1952,"Maypearl","Ellis County"
"76433",1945,"Bluff Dale","Erath County"
"76908",1943,"Goodfellow Afb","Tom Green County"
"79357",1936,"Ralls","Crosby County"
"76670",1934,"Milford","Ellis County"
"76629",1916,"Bremond","Robertson County"
"77564",1907,"Hull","Liberty County"
"76632",1901,"Chilton","Falls County"
"78609",1880,"Buchanan Dam","Llano County"
"75102",1877,"Barry","Navarro County"
"78019",1877,"Encinal","Webb County"
"79322",1877,"Crosbyton","Crosby County"
"79545",1873,"Roscoe","Nolan County"
"76701",1861,"Waco","McLennan County"
"79734",1859,"Fort Davis","Jeff Davis County"
"79111",1854,"Amarillo","Potter County"
"76245",1847,"Gordonville","Grayson County"
"75431",1841,"Como","Hopkins County"
"76443",1828,"Cross Plains","Callahan County"
"76945",1825,"Robert Lee","Coke County"
"76639",1823,"Dawson","Navarro County"
"79019",1800,"Claude","Armstrong County"
"78407",1796,"Corpus Christi","Nueces County"
"79346",1790,"Morton","Cochran County"
"75127",1781,"Fruitvale","Van Zandt County"
"78615",1781,"Coupland","Williamson County"
"76599",1764,"Gatesville","Coryell County"
"79546",1749,"Rotan","Fisher County"
"79744",1749,"Iraan","Crockett County"
"76687",1741,"Thornton","Limestone County"
"78205",1741,"San Antonio","Bexar County"
"75480",1730,"Scroggins","Franklin County"
"76859",1728,"Menard","Menard County"
"76129",1724,"Fort Worth","Tarrant County"
"76935",1721,"Christoval","Schleicher County"
"77430",1718,"Damon","Brazoria County"
"76878",1717,"Santa Anna","Coleman County"
"79083",1715,"Stinnett","Hutchinson County"
"76641",1714,"Frost","Navarro County"
"78147",1709,"Poth","Wilson County"
"76265",1696,"Saint Jo","Montague County"
"75471",1690,"Pickton","Hopkins County"
"76351",1687,"Archer City","Archer County"
"79005",1669,"Booker","Lipscomb County"
"76454",1668,"Gorman","Eastland County"
"76127",1657,"Naval Air Station Jrb","Tarrant County"
"77975",1643,"Moulton","Lavaca County"
"76853",1639,"Lometa","Lampasas County"
"76636",1638,"Covington","Hill County"
"75847",1634,"Kennard","Houston County"
"79043",1634,"Hart","Castro County"
"76371",1628,"Munday","Knox County"
"79009",1627,"Bovina","Parmer County"
"75451",1613,"Leesburg","Camp County"
"78011",1608,"Charlotte","Atascosa County"
"78959",1601,"Waelder","Gonzales County"
"78379",1597,"Riviera","Kleberg County"
"78151",1592,"Runge","Karnes County"
"79355",1573,"Plains","Yoakum County"
"76622",1558,"Aquilla","Hill County"
"75555",1534,"Bivins","Cass County"
"79248",1520,"Paducah","Cottle County"
"78719",1511,"Austin","Travis County"
"78341",1508,"Benavides","Duval County"
"76472",1503,"Santo","Palo Pinto County"
"79381",1500,"Wilson","Lynn County"
"79372",1483,"Sundown","Hockley County"
"76518",1473,"Buckholts","Milam County"
"76471",1464,"Rising Star","Eastland County"
"77442",1451,"Garwood","Colorado County"
"79313",1451,"Anton","Hockley County"
"75850",1447,"Leona","Leon County"
"79343",1443,"Lorenzo","Crosby County"
"76453",1442,"Gordon","Palo Pinto County"
"77837",1439,"Calvert","Robertson County"
"75861",1438,"Tennessee Colony","Anderson County"
"76653",1426,"Kosse","Limestone County"
"78005",1421,"Bigfoot","Frio County"
"76389",1418,"Windthorst","Archer County"
"78881",1415,"Sabinal","Uvalde County"
"79358",1412,"Ropesville","Hockley County"
"77482",1403,"Van Vleck","Matagorda County"
"75574",1402,"Simms","Bowie County"
"79084",1402,"Stratford","Sherman County"
"75487",1398,"Talco","Franklin County"
"78594",1398,"Sebastian","Willacy County"
"76635",1397,"Coolidge","Limestone County"
"75932",1393,"Burkeville","Newton County"
"76951",1392,"Sterling City","Sterling County"
"76627",1389,"Blum","Hill County"
"79371",1387,"Sudan","Bailey County"
"78548",1384,"Grulla","Starr County"
"76486",1379,"Perrin","Jack County"
"79851",1376,"Sierra Blanca","Hudspeth County"
"75943",1372,"Douglass","Nacogdoches County"
"79839",1365,"Fort Hancock","Hudspeth County"
"75420",1364,"Brashear","Hopkins County"
"76626",1363,"Blooming Grove","Navarro County"
"75929",1358,"Broaddus","San Augustine County"
"77456",1345,"Markham","Matagorda County"
"75667",1329,"Laneville","Rusk County"
"75933",1316,"Call","Newton County"
"75937",1303,"Chireno","Nacogdoches County"
"78870",1302,"Knippa","Uvalde County"
"75926",1301,"Apple Springs","Trinity County"
"75556",1297,"Bloomburg","Cass County"
"77873",1287,"Richards","Montgomery County"
"76690",1285,"Walnut Springs","Bosque County"
"78873",1278,"Leakey","Real County"
"79092",1277,"Vega","Oldham County"
"78954",1272,"Round Top","Fayette County"
"78880",1269,"Rocksprings","Edwards County"
"79031",1263,"Earth","Lamb County"
"78833",1261,"Camp Wood","Real County"
"76228",1258,"Bellevue","Clay County"
"77046",1254,"Houston","Harris County"
"79541",1253,"Ovalo","Taylor County"
"75477",1246,"Roxton","Lamar County"
"77951",1246,"Bloomington","Victoria County"
"79502",1244,"Aspermont","Stonewall County"
"78742",1241,"Austin","Travis County"
"76933",1238,"Bronte","Coke County"
"76941",1237,"Mertzon","Irion County"
"76578",1232,"Thrall","Williamson County"
"76525",1227,"Evant","Hamilton County"
"75976",1225,"Wells","Cherokee County"
"76561",1207,"Oglesby","Coryell County"
"79778",1202,"Rankin","Upton County"
"75476",1195,"Ravenna","Fannin County"
"78024",1190,"Hunt","Kerr County"
"78632",1188,"Harwood","Gonzales County"
"75447",1187,"Ivanhoe","Fannin County"
"76432",1178,"Blanket","Brown County"
"79543",1178,"Roby","Fisher County"
"79312",1176,"Amherst","Lamb County"
"79057",1167,"Mclean","Gray County"
"79370",1166,"Spur","Dickens County"
"76673",1162,"Mount Calm","Hill County"
"76679",1161,"Purdon","Navarro County"
"78872",1161,"La Pryor","Zavala County"
"76239",1157,"Forestburg","Montague County"
"79052",1157,"Kress","Swisher County"
"76538",1155,"Jonesboro","Hamilton County"
"78953",1145,"Rosanky","Bastrop County"
"76264",1143,"Sadler","Grayson County"
"75468",1142,"Pattonville","Lamar County"
"79250",1136,"Petersburg","Hale County"
"79529",1132,"Knox City","Knox County"
"75437",1125,"Dike","Hopkins County"
"79227",1125,"Crowell","Foard County"
"78829",1124,"Batesville","Zavala County"
"75439",1123,"Ector","Fannin County"
"78933",1120,"Cat Spring","Colorado County"
"77660",1111,"Spurger","Tyler County"
"77577",1106,"Liverpool","Brazoria County"
"79042",1103,"Happy","Randall County"
"79351",1100,"Odonnell","Dawson County"
"76596",1097,"Gatesville","Coryell County"
"78623",1094,"Fischer","Comal County"
"75449",1082,"Ladonia","Fannin County"
"77560",1079,"Hankamer","Chambers County"
"79366",1073,"Ransom Canyon","Lubbock County"
"76934",1068,"Carlsbad","Tom Green County"
"78884",1068,"Utopia","Bandera County"
"79097",1063,"White Deer","Carson County"
"78877",1061,"Quemado","Maverick County"
"75435",1060,"Deport","Lamar County"
"77533",1059,"Daisetta","Liberty County"
"79345",1059,"Meadow","Terry County"
"75438",1046,"Dodd City","Fannin County"
"79511",1044,"Coahoma","Howard County"
"75853",1042,"Montalba","Anderson County"
"75669",1041,"Long Branch","Panola County"
"79508",1041,"Buffalo Gap","Taylor County"
"77585",1036,"Saratoga","Hardin County"
"75560",1033,"Douglassville","Cass County"
"77857",1033,"Gause","Milam County"
"76427",1030,"Bryson","Jack County"
"76203",1026,"Denton","Denton County"
"79563",1024,"Tye","Taylor County"
"79789",1021,"Wink","Winkler County"
"77853",1009,"Dime Box","Lee County"
"76372",1005,"Newcastle","Throckmorton County"
"76621",1002,"Abbott","Hill County"
"75247",992,"Dallas","Dallas County"
"75928",987,"Bon Wier","Newton County"
"77538",987,"Devers","Liberty County"
"75959",974,"Milam","Sabine County"
"77990",962,"Tivoli","Refugio County"
"76652",955,"Kopperl","Bosque County"
"75936",951,"Chester","Tyler County"
"76475",947,"Strawn","Palo Pinto County"
"76866",946,"Paint Rock","Concho County"
"79526",946,"Hermleigh","Scurry County"
"79739",939,"Garden City","Glasscock County"
"78946",931,"Ledbetter","Lee County"
"75488",919,"Telephone","Fannin County"
"76890",902,"Zephyr","Brown County"
"79225",901,"Chillicothe","Hardeman County"
"78561",900,"Lasara","Willacy County"
"77663",888,"Village Mills","Hardin County"
"75478",879,"Saltillo","Hopkins County"
"79713",879,"Ackerly","Martin County"
"75411",875,"Arthur City","Lamar County"
"78058",871,"Mountain Home","Kerr County"
"79547",867,"Rule","Haskell County"
"75448",862,"Klondike","Delta County"
"77613",855,"China","Jefferson County"
"77971",854,"Lolita","Jackson County"
"79257",854,"Silverton","Briscoe County"
"75944",852,"Etoile","Nacogdoches County"
"78141",850,"Nordheim","DeWitt County"
"75421",847,"Brookston","Lamar County"
"78549",838,"Hargill","Hidalgo County"
"79087",838,"Texline","Dallam County"
"77010",837,"Houston","Harris County"
"76250",835,"Lindsay","Cooke County"
"75489",832,"Tom Bean","Grayson County"
"78358",832,"Fulton","Aransas County"
"78850",827,"D Hanis","Medina County"
"78067",811,"San Ygnacio","Zapata County"
"77444",809,"Guy","Fort Bend County"
"79848",801,"Sanderson","Terrell County"
"76864",800,"Mullin","Mills County"
"76872",798,"Rochelle","McCulloch County"
"78146",798,"Pettus","Bee County"
"79788",798,"Wickett","Ward County"
"75784",794,"Reklaw","Rusk County"
"77982",791,"Port O'Connor","Calhoun County"
"79244",789,"Matador","Motley County"
"75960",785,"Moscow","Polk County"
"76041",772,"Forreston","Ellis County"
"76070",766,"Nemo","Somervell County"
"78671",755,"Stonewall","Gillespie County"
"79532",754,"Loraine","Mitchell County"
"76077",748,"Rainbow","Somervell County"
"76483",746,"Throckmorton","Throckmorton County"
"77419",746,"Blessing","Matagorda County"
"78827",742,"Asherton","Dimmit County"
"76484",739,"Palo Pinto","Palo Pinto County"
"76402",720,"Stephenville","Erath County"
"78050",713,"Leming","Atascosa County"
"78590",711,"San Perlita","Willacy County"
"78066",707,"Rio Medina","Medina County"
"77878",705,"Snook","Burleson County"
"76649",700,"Iredell","Bosque County"
"75493",699,"Winfield","Titus County"
"76455",698,"Gustine","Comanche County"
"79379",698,"Whiteface","Cochran County"
"79039",695,"Groom","Carson County"
"78948",689,"Lincoln","Lee County"
"78672",687,"Tow","Llano County"
"77616",686,"Fred","Tyler County"
"75566",678,"Marietta","Cass County"
"78944",676,"Industry","Austin County"
"76251",672,"Montague","Montague County"
"75101",668,"Bardwell","Ellis County"
"78117",667,"Hobson","Karnes County"
"75682",664,"New London","Rusk County"
"76660",664,"Malone","Hill County"
"78949",662,"Muldoon","Fayette County"
"79044",662,"Hartley","Hartley County"
"78351",652,"Driscoll","Nueces County"
"79059",645,"Miami","Roberts County"
"77624",644,"Hillister","Tyler County"
"78535",633,"Combes","Cameron County"
"79063",629,"Nazareth","Castro County"
"76491",625,"Woodson","Throckmorton County"
"79718",625,"Balmorhea","Reeves County"
"76466",621,"Olden","Eastland County"
"75550",615,"Annona","Red River County"
"76827",611,"Brookesmith","Brown County"
"78004",610,"Bergheim","Kendall County"
"78963",608,"West Point","Fayette County"
"79016",600,"Canyon","Randall County"
"78663",599,"Round Mountain","Blanco County"
"77369",598,"Rye","Liberty County"
"79367",598,"Smyer","Hockley County"
"76379",596,"Scotland","Archer County"
"77376",596,"Votaw","Hardin County"
"78935",594,"Alleyton","Colorado County"
"79046",588,"Higgins","Lipscomb County"
"78159",587,"Smiley","Gonzales County"
"78592",587,"Santa Maria","Cameron County"
"79749",578,"Lenorah","Martin County"
"79544",577,"Rochester","Haskell County"
"77629",576,"Nome","Jefferson County"
"76832",572,"Cherokee","San Saba County"
"75153",568,"Powell","Navarro County"
"78349",568,"Concepcion","Duval County"
"77974",565,"Meyersville","DeWitt County"
"76871",561,"Richland Springs","San Saba County"
"77507",561,"Pasadena","Harris County"
"77519",561,"Batson","Hardin County"
"79721",558,"Big Spring","Howard County"
"78057",556,"Moore","Frio County"
"78419",553,"Corpus Christi","Nueces County"
"79054",551,"Lefors","Gray County"
"79506",546,"Blackwell","Nolan County"
"76435",541,"Carbon","Eastland County"
"76631",540,"Bynum","Hill County"
"77977",536,"Placedo","Victoria County"
"79748",536,"Knott","Howard County"
"78558",533,"La Blanca","Hidalgo County"
"79852",531,"Terlingua","Brewster County"
"77457",526,"Matagorda","Matagorda County"
"77991",526,"Vanderbilt","Jackson County"
"79528",524,"Jayton","Kent County"
"78161",519,"Sutherland Springs","Wilson County"
"77623",515,"High Island","Galveston County"
"75412",512,"Bagwell","Red River County"
"76909",512,"San Angelo","Tom Green County"
"79034",510,"Follett","Lipscomb County"
"79561",508,"Trent","Nolan County"
"79530",505,"Lawn","Taylor County"
"76463",500,"Mingus","Erath County"
"76238",499,"Era","Cooke County"
"77614",493,"Deweyville","Newton County"
"76357",490,"Byers","Clay County"
"78330",489,"Agua Dulce","Nueces County"
"78344",488,"Bruni","Webb County"
"78932",486,"Carmine","Washington County"
"76875",484,"Rowena","Runnels County"
"78567",484,"Los Indios","Cameron County"
"76519",483,"Burlington","Milam County"
"75450",482,"Lake Creek","Delta County"
"78830",479,"Big Wells","Dimmit County"
"76370",478,"Megargel","Archer County"
"76523",477,"Davilla","Milam County"
"76460",472,"Loving","Young County"
"77451",472,"Kendleton","Fort Bend County"
"76637",466,"Cranfills Gap","Bosque County"
"75977",461,"Wiergate","Newton County"
"77367",460,"Riverside","Walker County"
"78027",460,"Kendalia","Kendall County"
"78843",459,"Laughlin Afb","Val Verde County"
"77978",458,"Point Comfort","Calhoun County"
"79098",450,"Wildorado","Deaf Smith County"
"77475",446,"Sheridan","Colorado County"
"78545",444,"Falcon Heights","Starr County"
"79533",442,"Lueders","Shackelford County"
"76598",440,"Gatesville","Coryell County"
"76377",438,"Petrolia","Clay County"
"78072",437,"Tilden","McMullen County"
"78661",437,"Prairie Lea","Caldwell County"
"79080",437,"Skellytown","Hutchinson County"
"75164",430,"Josephine","Collin County"
"77994",430,"Westhoff","DeWitt County"
"79237",429,"Hedley","Donley County"
"79010",423,"Boys Ranch","Potter County"
"76681",419,"Richland","Navarro County"
"79742",419,"Grandfalls","Ward County"
"76445",416,"Desdemona","Eastland County"
"79255",412,"Quitaque","Briscoe County"
"77464",411,"Orchard","Fort Bend County"
"76464",409,"Moran","Shackelford County"
"75780",404,"New Summerfield","Cherokee County"
"77470",404,"Rock Island","Colorado County"
"78536",404,"Delmita","Starr County"
"79018",399,"Channing","Hartley County"
"77597",398,"Wallisville","Chambers County"
"79350",398,"New Deal","Lubbock County"
"78044",397,"Laredo","Webb County"
"79733",397,"Forsan","Howard County"
"78340",396,"Bayside","Refugio County"
"77415",393,"Cedar Lane","Matagorda County"
"78886",393,"Yancey","Medina County"
"75481",385,"Sulphur Bluff","Hopkins County"
"78353",381,"Encino","Brooks County"
"79261",381,"Turkey","Hall County"
"79741",380,"Goldsmith","Ector County"
"77374",378,"Thicket","Hardin County"
"77661",371,"Stowell","Chambers County"
"78008",365,"Campbellton","Atascosa County"
"79565",365,"Westbrook","Mitchell County"
"77582",363,"Raywood","Liberty County"
"78342",363,"Ben Bolt","Jim Wells County"
"79342",362,"Loop","Gaines County"
"78547",358,"Garciasville","Starr County"
"78622",353,"Fentress","Caldwell County"
"77863",348,"Lyons","Burleson County"
"77431",345,"Danciger","Brazoria County"
"79719",345,"Barstow","Ward County"
"76566",344,"Purmela","Coryell County"
"78162",343,"Tuleta","Bee County"
"75492",342,"Windom","Fannin County"
"76474",340,"Sidney","Comanche County"
"79842",340,"Marathon","Brewster County"
"77615",339,"Evadale","Jasper County"
"79024",339,"Darrouzett","Lipscomb County"
"77466",335,"Pattison","Waller County"
"79062",330,"Morse","Hutchinson County"
"79061",328,"Mobeetie","Wheeler County"
"79738",326,"Gail","Borden County"
"79377",322,"Welch","Dawson County"
"77483",319,"Wadsworth","Matagorda County"
"76676",317,"Penelope","Hill County"
"78339",316,"Banquete","Nueces County"
"75469",311,"Pecan Gap","Delta County"
"79918",311,"Fort Bliss","El Paso County"
"78107",310,"Berclair","Goliad County"
"78618",310,"Doss","Gillespie County"
"78402",308,"Corpus Christi","Nueces County"
"75838",304,"Donie","Freestone County"
"78943",304,"Glidden","Colorado County"
"75415",302,"Ben Franklin","Delta County"
"78614",302,"Cost","Gonzales County"
"78243",299,"San Antonio","Bexar County"
"78608",298,"Briggs","Burnet County"
"77655",294,"Sabine Pass","Jefferson County"
"78879",291,"Rio Frio","Real County"
"76854",290,"London","Kimble County"
"79256",288,"Roaring Springs","Motley County"
"76852",286,"Lohn","McCulloch County"
"79527",274,"Ira","Scurry County"
"77970",273,"La Ward","Jackson County"
"77476",270,"Simonton","Fort Bend County"
"78591",270,"Santa Elena","Starr County"
"78883",267,"Tarpley","Bandera County"
"79743",267,"Imperial","Pecos County"
"77359",265,"Oakhurst","San Jacinto County"
"76253",264,"Myra","Cooke County"
"78376",258,"Realitos","Duval County"
"79229",255,"Dickens","Dickens County"
"78012",253,"Christine","Atascosa County"
"79240",249,"Lelia Lake","Donley County"
"76363",247,"Goree","Knox County"
"79834",246,"Big Bend National Park","Brewster County"
"76955",241,"Vancourt","Tom Green County"
"76958",241,"Water Valley","Tom Green County"
"76828",236,"Burkett","Coleman County"
"77326",235,"Ace","Polk County"
"78352",235,"Edroy","San Patricio County"
"79378",234,"Wellman","Terry County"
"78674",233,"Weir","Williamson County"
"76845",231,"Gouldbusk","Coleman County"
"76686",230,"Tehuacana","Limestone County"
"76364",228,"Harrold","Wilbarger County"
"79566",228,"Wingate","Taylor County"
"76858",226,"Melvin","Concho County"
"77334",226,"Dodge","Walker County"
"79505",225,"Benjamin","Knox County"
"77969",224,"La Salle","Jackson County"
"78938",221,"Ellinger","Fayette County"
"78116",220,"Gillett","Karnes County"
"78369",220,"Mirando City","Webb County"
"75565",218,"McLeod","Cass County"
"75157",216,"Rosser","Kaufman County"
"77993",214,"Weesatche","Goliad County"
"79011",214,"Briscoe","Wheeler County"
"79534",213,"McCaulley","Fisher County"
"79220",212,"Afton","Dickens County"
"75856",211,"Pennington","Houston County"
"77867",211,"Mumford","Robertson County"
"78712",210,"Austin","Travis County"
"78931",210,"Bleiblerville","Austin County"
"79001",210,"Adrian","Oldham County"
"78607",208,"Bluffton","Llano County"
"78122",207,"Leesville","Gonzales County"
"76388",205,"Weinert","Haskell County"
"76481",205,"South Bend","Young County"
"75689",201,"Selman City","Rusk County"
"79837",201,"Dell City","Otero County"
"76865",200,"Norton","Runnels County"
"76680",199,"Reagan","Falls County"
"76623",197,"Avalon","Ellis County"
"79082",197,"Springlake","Lamb County"
"79539",197,"O'Brien","Haskell County"
"78007",196,"Calliham","McMullen County"
"75573",194,"Redwater","Bowie County"
"76882",194,"Talpa","Runnels County"
"78143",191,"Pandora","Wilson County"
"76869",190,"Pontotoc","San Saba County"
"76957",189,"Wall","Tom Green County"
"79236",189,"Guthrie","King County"
"75413",187,"Bailey","Fannin County"
"77453",187,"Lane City","Wharton County"
"76666",186,"Mertens","Hill County"
"76841",186,"Fort McKavett","Schleicher County"
"77448",186,"Hungerford","Wharton County"
"76842",179,"Fredonia","Mason County"
"77876",175,"Shiro","Grimes County"
"76654",173,"Leroy","McLennan County"
"79538",173,"Novice","Coleman County"
"76862",167,"Millersview","Concho County"
"75711",163,"Tyler","Smith County"
"75942",162,"Doucette","Tyler County"
"79548",162,"Rule","Haskell County"
"75470",161,"Petty","Lamar County"
"77988",161,"Telferner","Victoria County"
"77454",159,"Lissie","Wharton County"
"75764",158,"Gallatin","Cherokee County"
"77950",156,"Austwell","Aransas County"
"78670",156,"Staples","Guadalupe County"
"76373",155,"Oklaunion","Wilbarger County"
"75105",154,"Chatfield","Navarro County"
"78075",154,"Whitsett","Live Oak County"
"76261",152,"Ringgold","Montague County"
"78391",150,"Tynan","Bee County"
"79078",150,"Sanford","Hutchinson County"
"79503",150,"Avoca","Jones County"
"77987",146,"Sweet Home","Lavaca County"
"75934",142,"Camden","Polk County"
"79517",140,"Fluvanna","Borden County"
"75759",139,"Cuney","Cherokee County"
"76459",139,"Jermyn","Jack County"
"79777",138,"Pyote","Ward County"
"77961",137,"Francitas","Jackson County"
"75903",136,"Lufkin","Angelina County"
"76820",135,"Art","Mason County"
"77350",134,"Leggett","Polk County"
"76452",133,"Energy","Comanche County"
"79854",133,"Valentine","Jeff Davis County"
"77460",132,"Nada","Colorado County"
"79003",132,"Allison","Hemphill County"
"78371",130,"Oilton","Webb County"
"76429",129,"Caddo","Stephens County"
"78837",128,"Comstock","Val Verde County"
"76888",127,"Voss","Coleman County"
"79093",127,"Waka","Ochiltree County"
"75849",125,"Latexo","Houston County"
"76268",125,"Southmayd","Grayson County"
"78588",124,"San Isidro","Starr County"
"77440",121,"Elmaton","Matagorda County"
"79832",121,"Alpine","Brewster County"
"79535",117,"Maryneal","Nolan County"
"78385",116,"Sarita","Kenedy County"
"79699",116,"Abilene","Taylor County"
"79518",115,"Girard","Kent County"
"77443",114,"Glen Flora","Wharton County"
"79032",114,"Edmonson","Hale County"
"76678",112,"Prairie Hill","Limestone County"
"79376",112,"Tokio","Yoakum County"
"78598",108,"Port Mansfield","Willacy County"
"79234",106,"Flomot","Motley County"
"78838",105,"Concan","Uvalde County"
"79239",104,"Lakeview","Hall County"
"79314",104,"Bledsoe","Cochran County"
"79730",104,"Coyanosa","Pecos County"
"75782",103,"Poynor","Henderson County"
"77481",103,"Thompsons","Fort Bend County"
"79223",103,"Cee Vee","Cottle County"
"75641",101,"Easton","Rusk County"
"76436",101,"Carlton","Comanche County"
"75848",100,"Kirvin","Freestone County"
"78885",100,"Vanderpool","Bandera County"
"76650",96,"Irene","Hill County"
"78675",96,"Willow City","Gillespie County"
"79233",96,"Estelline","Hall County"
"79754",96,"Mentone","Loving County"
"79053",95,"Lazbuddie","Parmer County"
"77428",94,"Collegeport","Matagorda County"
"76628",91,"Brandon","Hill County"
"75441",90,"Enloe","Delta County"
"79783",90,"Tarzan","Martin County"
"75562",89,"Kildare","Cass County"
"76873",89,"Rockwood","Coleman County"
"76930",87,"Barnhart","Irion County"
"78104",86,"Beeville","Bee County"
"76953",85,"Tennyson","Coke County"
"79383",85,"New Home","Lynn County"
"78828",83,"Barksdale","Real County"
"79380",83,"Whitharral","Hockley County"
"78145",81,"Pawnee","Bee County"
"78658",78,"Ottine","Gonzales County"
"79847",78,"Salt Flat","Culberson County"
"79780",77,"Saragosa","Reeves County"
"76884",75,"Valera","Coleman County"
"76469",73,"Putnam","Callahan County"
"78635",73,"Hye","Blanco County"
"79021",72,"Cotton Center","Hale County"
"79755",72,"Midkiff","Upton County"
"75642",71,"Elysian Fields","Panola County"
"76870",70,"Priddy","Mills County"
"79091",70,"Umbarger","Randall County"
"78074",69,"Waring","Kendall County"
"76887",68,"Voca","McCulloch County"
"76848",66,"Hext","Menard County"
"76885",65,"Valley Spring","Llano County"
"78836",65,"Catarina","Dimmit County"
"79056",65,"Lipscomb","Lipscomb County"
"79781",65,"Sheffield","Terrell County"
"76267",64,"Slidell","Wise County"
"77855",64,"Flynn","Leon County"
"78563",62,"Linn","Hidalgo County"
"78851",61,"Dryden","Terrell County"
"75858",60,"Ratcliff","Houston County"
"79230",60,"Dodson","Childress County"
"79330",60,"Justiceburg","Garza County"
"79560",60,"Sylvester","Fisher County"
"76061",59,"Lillian","Johnson County"
"79326",59,"Fieldton","Lamb County"
"79259",58,"Tell","Hall County"
"78565",57,"Los Ebanos","Hidalgo County"
"79519",57,"Goldsboro","Coleman County"
"76937",56,"Eola","Tom Green County"
"77960",55,"Fannin","Goliad County"
"76685",49,"Satin","Falls County"
"77976",49,"Nursery","Victoria County"
"78564",48,"Lopeno","Zapata County"
"79369",47,"Spade","Lamb County"
"77561",45,"Hardin","Liberty County"
"75788",43,"Sacul","Nacogdoches County"
"79537",40,"Nolan","Nolan County"
"76490",39,"Whitt","Parker County"
"76565",39,"Pottsville","Hamilton County"
"77617",38,"Gilchrist","Galveston County"
"79540",38,"Old Glory","Stonewall County"
"77882",36,"Wheelock","Robertson County"
"78142",35,"Normanna","Bee County"
"79002",33,"Alanreed","Gray County"
"79920",33,"El Paso","El Paso County"
"78871",32,"Langtry","Val Verde County"
"79251",32,"Quail","Collingsworth County"
"79785",30,"Toyah","Reeves County"
"76573",27,"Schwertner","Williamson County"
"75658",26,"Joinerville","Rusk County"
"79033",26,"Farnsworth","Ochiltree County"
"77473",24,"San Felipe","Austin County"
"78347",24,"Chapman Ranch","Nueces County"
"77973",23,"Mcfaddin","Victoria County"
"79247",23,"Odell","Wilbarger County"
"79353",23,"Pep","Hockley County"
"75564",22,"Lodi","Cass County"
"75779",22,"Neches","Anderson County"
"78125",21,"Mineral","Bee County"
"79243",21,"Mcadoo","Dickens County"
"76263",20,"Rosston","Cooke County"
"79231",20,"Dougherty","Floyd County"
"75475",19,"Randolph","Fannin County"
"77986",16,"Sublime","Lavaca County"
"79073",16,"Plainview","Hale County"
"76940",14,"Mereta","Tom Green County"
"77852",14,"Deanville","Burleson County"
"77458",13,"Midfield","Matagorda County"
"79025",13,"Dawn","Deaf Smith County"
"78677",12,"Wrightsboro","Gonzales County"
"79066",12,"Pampa","Gray County"
"79094",12,"Wayside","Armstrong County"
"76241",10,"Gainesville","Cooke County"
"79258",8,"South Plains","Floyd County"
"73960",7,"Texhoma","Sherman County"
"78021",5,"Fowlerton","La Salle County"
"79051",4,"Kerrick","Dallam County"
"79324",4,"Enochs","Bailey County"
"76836",3,"Doole","McCulloch County"
"77555",3,"Galveston","Galveston County"